{"table":{"r2_m1_t0_f0":{"BUY":0,"HOLD":0.5246599579942929,"SELL":0},"r1_m1_t0_f0":{"BUY":0,"HOLD":-0.043975565241260645,"SELL":0}},"epsilon":0.1611325452217239,"totalUpdates":124,"returnHistory":[]}