{"table":{"r2_m1_t0_f0":{"BUY":0,"HOLD":0.20645087136581317,"SELL":0},"r1_m1_t0_f0":{"BUY":0,"HOLD":-0.04740667837757845,"SELL":0},"null":{"BUY":-0.14391071403426314,"HOLD":0,"SELL":0},"r1_m0_t0_f0":{"BUY":0,"HOLD":-0.005000000000000001,"SELL":0}},"epsilon":0.12731162521884287,"totalUpdates":171,"returnHistory":[-1.911301102537495]}