{"table":{"r2_m1_t0_f0":{"BUY":0,"HOLD":0.5246599579942929,"SELL":0},"r1_m1_t0_f0":{"BUY":0,"HOLD":0.09861512828387071,"SELL":0}},"epsilon":0.1949423507804925,"totalUpdates":86,"returnHistory":[]}